
    {
      "Ma_so": "Nha_phat_hanh_1",
      "Nha_phat_hanh": "NXB Trẻ",
      "Mo_ta_nha_phat_hanh": "Mô tả NXB Trẻ"
    }
    {
      "Ma_so": "Nha_phat_hanh_2",
      "Nha_phat_hanh": "Kim Đồng",
      "Mo_ta_nha_phat_hanh": "Mô tả Kim Đồng"
    }
    {
      "Ma_so": "Nha_phat_hanh_3",
      "Nha_phat_hanh": "Fahasha",
      "Mo_ta_nha_phat_hanh": "Mô tả Fahasha"
    }
    {
      "Ma_so": "Nha_phat_hanh_4",
      "Nha_phat_hanh": "NXB Văn học",
      "Mo_ta_nha_phat_hanh": "Mô tả NXB Văn học"
    }
    {
      "Ma_so": "Nha_phat_hanh_5",
      "Nha_phat_hanh": "NXB Văn Nghệ",
      "Mo_ta_nha_phat_hanh": "Mô tả NXB Văn Nghệ"
    }
  