﻿
    {
      "Ten": "Bốn mùa chân bước, nghìn dặm nước Anh",
      "Ma_so": "Sach_1",
      "Don_gia_Ban": "254000",
      "Mo_ta": "Bốn Mùa Chân Bước, Nghìn Dặm Nước Anh là câu chuyện về hành trình du học của Hoài Sa trong suốt một năm đến Anh theo học bổng Chevel. Câu chuyện được kể theo bốn mùa với những cảm xúc chân thật nhưng cũng không kém phần dí dỏm, hài hước theo kiểu phớt “Ăng-lê”.",
      "Nhom_Sach": {
        "Ten_the_loai": "Khoa học",
        "Tac_gia": "Ngọc Trinh",
        "Nha_phat_hanh": "Kim Đồng"
      }
    }
    {
      "Ten": "Lấp Lánh",
      "Ma_so": "Sach_10",
      "Don_gia_Ban": "394000",
      "Mo_ta": "Lấp Lánh bắt mắt với cái bìa màu xanh và những con rối cầu nắng treo lơ lửng. Hình ảnh ấy của cuốn sách sẽ gợi cho người đọc về một câu chuyện tươi mới và rực rỡ như ánh sáng của vầng thái dương. Nhưng không, Lấp Lánh day dứt, Lấp Lánh quanh quẩn, Lấp Lánh bế tắc với những con người vùng vẫy tìm cho mình một lối thoát khi cuộc sống, cảm xúc bị dồn nén.",
      "Nhom_Sach": {
        "Ten_the_loai": "Thể thao",
        "Tac_gia": "Ngọc Trinh",
        "Nha_phat_hanh": "Kim Đồng"
      }
    }
    {
      "Ten": "WildWood",
      "Ma_so": "Sach_11",
      "Don_gia_Ban": "590000",
      "Mo_ta": "Experience the epic world of Colin Meloy and Carson Ellis’s highly acclaimed New York Times bestselling series, in this paperback box set containing Wildwood, Under Wildwood, and Wildwood Imperium.",
      "Nhom_Sach": {
        "Ten_the_loai": "Thể thao",
        "Tac_gia": "Quốc Tuấn",
        "Nha_phat_hanh": "Kim Đồng"
      }
    }
    {
      "Ten": "Double Shot",
      "Ma_so": "Sach_12",
      "Don_gia_Ban": "274000",
      "Mo_ta": "It is Great",
      "Nhom_Sach": {
        "Ten_the_loai": "Thể thao",
        "Tac_gia": "Tố Hữu",
        "Nha_phat_hanh": "Fahasha"
      }
    }
    {
      "Ten": "The one and only Ivan",
      "Ma_so": "Sach_13",
      "Don_gia_Ban": "401000",
      "Mo_ta": "Nội dung sách nói về một con gorilla lưng bạc tên Ivan bị nhốt trong chuồng tại một khu mua sắm cùng con voi tên Stella (Jolie lồng tiếng) và con chó bụi đời tên Bob. Ivan không nhớ cuộc sống của nó trước khi bị nhốt nhưng khi một con voi cái nhỏ tên Ruby (Prince lồng tiếng) được đưa vào chuồng, con gorilla chăm sóc nó tận tình như người cha và bắt đầu nhớ lại quá khứ của mình.",
      "Nhom_Sach": {
        "Ten_the_loai": "Thể thao",
        "Tac_gia": "Tố Hữu",
        "Nha_phat_hanh": "NXB Trẻ"
      }
    }
    {
      "Ten": "The selection",
      "Ma_so": "Sach_14",
      "Don_gia_Ban": "225000",
      "Mo_ta": "For thirty-five girls, the Selection is the chance of a lifetime. The opportunity to escape a rigid caste system, live in a palace, and compete for the heart of gorgeous Prince Maxon. But for America Singer, being Selected is a nightmare. It means turning her back on her secret love with Aspen, who is a caste below her, and competing for a crown she doesn t want.",
      "Nhom_Sach": {
        "Ten_the_loai": "Thiếu nhi",
        "Tac_gia": "Kim Dung",
        "Nha_phat_hanh": "NXB Trẻ"
      }
    }
    {
      "Ten": "Tình yêu pha lê",
      "Ma_so": "Sach_15",
      "Don_gia_Ban": "510000",
      "Mo_ta": "Xoay quanh chủ đề tình yêu, sự nghiệp và hạnh phúc lứa đôi của tuổi trẻ, Tình yêu pha lê phản ánh những đề tài nóng của giới trẻ ngày nay: mưu sinh lập nghiệp, tình yêu, tình bạn, những khoảng cách gia đình thời hiện đại... Với những gì đã xem qua gần 20 tập, khán giả sẽ cảm được thông điệp mà tác giả muốn gửi gắm.",
      "Nhom_Sach": {
        "Ten_the_loai": "Tình cảm",
        "Tac_gia": "Kim Dung",
        "Nha_phat_hanh": "Fahasha"
      }
    }
    {
      "Ten": "Color Alive",
      "Ma_so": "Sach_16",
      "Don_gia_Ban": "195000",
      "Mo_ta": "Color Alive lets kids color like never before! Crayola Color Alive comes with 16 interactive coloring pages and 6 crayons, with 1 special edition crayon for kids to create vibrant art in the physical world. The fun doesn't end when the coloring page is filled. With Color Alive, kids can use the special Color Alive app to watch their heroes come alive through augmented reality.",
      "Nhom_Sach": {
        "Ten_the_loai": "Thiếu nhi",
        "Tac_gia": "Tố Hữu",
        "Nha_phat_hanh": "Kim Đồng"
      }
    }
    {
      "Ten": "Nếu như yêu",
      "Ma_so": "Sach_17",
      "Don_gia_Ban": "350000",
      "Mo_ta": "Nếu như yêu là một cuốn sách nhẹ nhàng và vô cùng lãng mạn về tình yêu. Phim xoay quanh mối tình tay ba giữa Adam Bell, Thế Anh và An Ninh.An Ninh là một diễn viên trẻ sở hữu vẻ đẹp mong manh, thuần khiết, cô luôn được bà nội dạy bảo phải cố gắng lấy lòng giới doanh nhân giàu có để tiến thân.",
      "Nhom_Sach": {
        "Ten_the_loai": "Tình cảm",
        "Tac_gia": "Quốc Tuấn",
        "Nha_phat_hanh": "Fahasha"
      }
    }
    {
      "Ten": "Chiếc lọ giáng sinh diệu kỳ",
      "Ma_so": "Sach_18",
      "Don_gia_Ban": "400000",
      "Mo_ta": "Chiếc lọ Giáng Sinh diệu kỳ gửi đến người đọc một thông điệp giản dị: Sự cảm thông, chia sẻ của mỗi người có thể mang lại phúc lành, niềm tin, hy vọng cho biết bao người xung quanh. Qua câu chuyện của Jason F. Wright, bạn sẽ biết thêm rằng Giáng Sinh không chỉ gắn liền với ông già Noel, những cây thông được trang hoàng lộng lẫy, những bản thánh ca, những điều nguyện ước, tâm trạng háo hức mong chờ được nhận quà của bầy trẻ nhỏ...",
      "Nhom_Sach": {
        "Ten_the_loai": "Văn học",
        "Tac_gia": "Nguyễn Ánh",
        "Nha_phat_hanh": "NXB Văn học"
      }
    }
    {
      "Ten": "Cinder",
      "Ma_so": "Sach_19",
      "Don_gia_Ban": "344000",
      "Mo_ta": "Con người và người máy android đang chen chúc trong những con phố đông đúc , chật chội của Tân Bắc Kinh . Căn bệnh dịch chết người đang lấy đi sinh mạng của hàng ngàn người . Tù trong không gian , đám người mặt trăng tàn nhẫn đứng nhìn và chờ đợi để hành động . Không ai biết rằng số phận của Trái Đất đang nằm trong tay một cô gái ...",
      "Nhom_Sach": {
        "Ten_the_loai": "Tình cảm",
        "Tac_gia": "Nguyễn Ánh",
        "Nha_phat_hanh": "NXB Trẻ"
      }
    }
    {
      "Ten": "Đối thoại cùng ma",
      "Ma_so": "Sach_2",
      "Don_gia_Ban": "234000",
      "Mo_ta": "Nội dung kể về những năm 60 của thế kỉ XX, Hồ Bát Nhất và Tuyền béo được phân công về tham gia sản xuất kiến thiết tại Hắc Long Giang, binh đoàn nông khẩn, nông trường số 17 của sư đoàn 3.",
      "Nhom_Sach": {
        "Ten_the_loai": "Khoa học",
        "Tac_gia": "Kim Dung",
        "Nha_phat_hanh": "NXB Trẻ"
      }
    }
    {
      "Ten": "Nếu anh là truyền thuyết của em",
      "Ma_so": "Sach_20",
      "Don_gia_Ban": "445000",
      "Mo_ta": "Nội Dung kể về một ngày, anh sẽ hiểu ra, xe buýt 5 phút một chuyến, tàu điện ngầm chín phút một chuyến, tình yêu của đôi ta cả cuộc đời chỉ vẻn vẹn một cơ hội.Đó là tâm tư của Đình Thần, cô gái trong truyện Nếu Em là Truyền Thuyết Của Anh. Đình Thần cũng như bao cô gái khác mong mỏi một tình yêu, thứ tình cảm thiêng liêng không hề miễn cưỡng. Cô là cô gái tài giỏi, bề ngoại rất mạnh mẽ nhưng cũng như bao người phụ nữ khác, cần có một bến đỗ tình yêu cho tâm hồn.",
      "Nhom_Sach": {
        "Ten_the_loai": "Văn học",
        "Tac_gia": "Tố Hữu",
        "Nha_phat_hanh": "NXB Văn học"
      }
    }
    {
      "Ten": "Điều bí mật",
      "Ma_so": "Sach_21",
      "Don_gia_Ban": "600000",
      "Mo_ta": "Câu chuyện vẫn còn tiếp diễn như một bản nhạc đầy mâu thuẫn với những bí mật nối tiếp nhau hé mở. Đại và Linh có vượt qua được tất cả khó khăn của hoàn cảnh và định kiến trong lòng để đến với nhau trọn vẹn? Những mưu mô, toan tính của Phong sẽ dẫn họ đi đến kết cục nào?",
      "Nhom_Sach": {
        "Ten_the_loai": "Tình cảm",
        "Tac_gia": "Tố Hữu",
        "Nha_phat_hanh": "Kim Đồng"
      }
    }
    {
      "Ten": "Ai rồi cũng khác",
      "Ma_so": "Sach_22",
      "Don_gia_Ban": "450000",
      "Mo_ta": "Sau gần 3 năm kể từ Thương nhau để đó, cặp đôi Hamlet Trương - Iris Cao đã trở lại cùng nhau trong tác phẩm mới Ai rồi cũng khác. Ai rồi cũng khác gồm những tản văn mới nhất của hai cây bút trẻ viết về những chủ đề giàu cảm xúc nhất: tình yêu, tình bạn, gia đình, sự thay đổi từ cuộc sống… Bằng lối viết nhẹ nhàng như những câu chuyện được kể lại trước mặt một cách sống động, Hamlet Trương và Iris Cao một lần nữa mang độc giả trẻ của mình quay về với cuộc sống nhân hậu ngập tràn yêu thương.",
      "Nhom_Sach": {
        "Ten_the_loai": "Tình cảm",
        "Tac_gia": "Nguyễn Ánh",
        "Nha_phat_hanh": "Kim Đồng"
      }
    }
    {
      "Ten": "Dưới một mái nhà ở Paris",
      "Ma_so": "Sach_23",
      "Don_gia_Ban": "490000",
      "Mo_ta": "Paris, một xưởng vẽ giấu mình cuối một ngõ nhỏ rợp bóng cây xanh. Madeline đã thuê căn xưởng làm nơi nghỉ ngơi và tách mình khỏi thế giới. Do một nhầm lẫn ngẫu nhiên, nữ cảnh sát trẻ người Luân Đôn chạm trán với Gaspard, một nhà biên kịch đến từ Mỹ cũng thuê trọ tại chính nơi này. Họ buộc phải sống cùng nhau trong vài ngày, và chính ở đó, cùng nhau khám phá số phận bí ẩn của họa sĩ nổi tiếng Sean Lorenz, chủ căn nhà, người đã để lại ba bức tranh bí ẩn cuối cùng trước khi qua đời.",
      "Nhom_Sach": {
        "Ten_the_loai": "Tình cảm",
        "Tac_gia": "Ngọc Trinh",
        "Nha_phat_hanh": "Fahasha"
      }
    }
    {
      "Ten": "Không được thì... thôi",
      "Ma_so": "Sach_24",
      "Don_gia_Ban": "250000",
      "Mo_ta": "Cuốn sách do Vịt Mẹ Tô Hồng Vân ghi lại những đoạn đối đáp và cách suy nghĩ thú vị của các vịt con Bánh Mì, Bơ, và Hành Tây. Với những gì đang diễn ra trong cuộc sống hàng ngày, những chú vịt con này quan sát, bắt chước, vận dụng và tạo nên những bài học riêng cho mình, và cho người đang quan sát chúng - Vịt Mẹ.",
      "Nhom_Sach": {
        "Ten_the_loai": "Thiếu nhi",
        "Tac_gia": "Quốc Tuấn",
        "Nha_phat_hanh": "NXB Văn học"
      }
    }
    {
      "Ten": "Này, chớ làm loạn",
      "Ma_so": "Sach_25",
      "Don_gia_Ban": "320000",
      "Mo_ta": "Một câu chuyện hài hước, dí dỏm và ngọt ngào. Một kết thúc viên mãn dành tặng người biết sống và đấu tranh cho tình yêu của mình.",
      "Nhom_Sach": {
        "Ten_the_loai": "Thiếu nhi",
        "Tac_gia": "Nguyễn Ánh",
        "Nha_phat_hanh": "NXB Văn Nghệ"
      }
    }
    {
      "Ten": "Chúc giáng sinh an lành",
      "Ma_so": "Sach_26",
      "Don_gia_Ban": "299000",
      "Mo_ta": "Chúc Giáng Sinh An Lành tuyển chọn các câu chuyện về những kỷ niệm Giáng sinh đã làm con người lớn lên với trái tim yêu thương. Có những ký ức hồi hộp thuở thiếu thời, được bà chỉ cho thấy ông già Noel ở đâu trong đời thường. Có những ký ức sáng bừng lên giữa một tuổi thơ bất hạnh, khi món quà bất ngờ từ đâu không biết đem đến chỉ một bản nhạc Giáng sinh vang lên một lần trong đời mà theo mãi đến lúc lớn khôn...",
      "Nhom_Sach": {
        "Ten_the_loai": "Tình cảm",
        "Tac_gia": "Kim Dung",
        "Nha_phat_hanh": "Kim Đồng"
      }
    }
    {
      "Ten": "Thời niên thiếu của Sherlock Holmes",
      "Ma_so": "Sach_27",
      "Don_gia_Ban": "279000",
      "Mo_ta": "Hình ảnh một Sherlock Holmes tài ba với trí thông minh nhanh nhạy, sự quan sát tinh tế, những phán đoán logic trong tác phẩm của Arthur Conan Doyle đã làm say mê biết bao thế hệ độc giả. Tuy nhiên, chưa có tác phẩm nào cho thấy, tài năng của Sherlock Holmes bắt đầu bộc lộ từ khi nào? Hoàn cảnh gia đình, môi trường sống từ thời thơ bé có tác động tới Sherlock Holmes ra sao? Ngay cả bác sĩ Watson - người bạn thân thiết của Sherlock Holmes cũng chưa bao giờ nghe anh kể về gia đình và quãng đời thơ ấu của anh...",
      "Nhom_Sach": {
        "Ten_the_loai": "Tình cảm",
        "Tac_gia": "Quốc Tuấn",
        "Nha_phat_hanh": "Fahasha"
      }
    }
    {
      "Ten": "Đồng Dao Tập 2",
      "Ma_so": "Sach_28",
      "Don_gia_Ban": "321000",
      "Mo_ta": "Đồng dao là những lời hát dân gian của trẻ được lưu truyền và gìn giữ qua bao nhiêu thế hệ, là một nét đẹp trong kho tàng văn hóa người Việt. Với cách gieo vần hết sức đơn giản, các bài đồng dao thật dễ nhớ dễ thuộc, phù hợp với trí tuệ của trẻ nhỏ. Qua đồng dao, chúng ta có thể tìm thấy nhiều hình tượng ngộ nghĩnh, các con vật, sự vât gần gũi.",
      "Nhom_Sach": {
        "Ten_the_loai": "Thiếu nhi",
        "Tac_gia": "Ngọc Trinh",
        "Nha_phat_hanh": "NXB Trẻ"
      }
    }
    {
      "Ten": "Yêu nhau đề cưới",
      "Ma_so": "Sach_29",
      "Don_gia_Ban": "245000",
      "Mo_ta": "Phụ nữ khi yêu, họ muốn đàn ông nắm tay họ không chỉ trong suất chiếu phim ở rạp mà còn giữa bốn bề phố đông người qua. Họ muốn đàn ông không chỉ vuốt ve họ trên giường mà còn là những cử chỉ mở cửa xe, kéo ghế ngồi, tháo nắp chai nước suối. Họ thích đàn ông che dù cho họ giữa cơn mưa ban chiều, lấy áo khoác vào vai họ khi trời trở lạnh - như phim Hàn Quốc.",
      "Nhom_Sach": {
        "Ten_the_loai": "Tình cảm",
        "Tac_gia": "Kim Dung",
        "Nha_phat_hanh": "NXB Văn Nghệ"
      }
    }
    {
      "Ten": "Cuộc sống tươi đẹp",
      "Ma_so": "Sach_3",
      "Don_gia_Ban": "454000",
      "Mo_ta": "Mỗi chia sẻ, lời khuyên của tác giả chuyển tải nhiều thông điệp khác nhau, cho chúng ta chiêm nghiệm những cung bậc, sắc màu đa dạng của cuộc sống, nhận ra giá trị đích thực của cuộc sống, của chính bản thân mình, đồng thời định hướng cho bạn con đường tiến về phía trước.",
      "Nhom_Sach": {
        "Ten_the_loai": "Khoa học",
        "Tac_gia": "Nguyễn Ánh",
        "Nha_phat_hanh": "Fahasha"
      }
    }
    {
      "Ten": "Tình yêu thứ 3",
      "Ma_so": "Sach_30",
      "Don_gia_Ban": "680000",
      "Mo_ta": "Nếu bạn là một người từng yêu, nếu bạn là người từng hoang mang bối rối, nếu bạn hy vọng tìm thấy trong tiểu thuyết tâm trạng mình từng có, việc mình từng trải qua, có thể đọc cuốn tiểu thuyết này.",
      "Nhom_Sach": {
        "Ten_the_loai": "Văn học",
        "Tac_gia": "Quốc Tuấn",
        "Nha_phat_hanh": "NXB Trẻ"
      }
    }
    {
      "Ten": "Thời tươi đẹp",
      "Ma_so": "Sach_31",
      "Don_gia_Ban": "650000",
      "Mo_ta": "Xưa nay giang sơn mỹ nhân, mấy ai được cả. Lệ Trí Thành, vị thiếu tá trẻ tuổi với sự nghiệp đang lên như diều gặp gió đã làm được điều ấy. Có điều “giang sơn” của anh lại là tập đoàn Ái Đạt đang bên bờ phá sản, còn mỹ nhân lại là cô trợ lý thông minh xinh đẹp, người con gái mang trong mình nhiệt thành, với trái tim nhân ái đã thực sự chạm vào lòng anh.",
      "Nhom_Sach": {
        "Ten_the_loai": "Văn học",
        "Tac_gia": "Nguyễn Ánh",
        "Nha_phat_hanh": "NXB Văn Nghệ"
      }
    }
    {
      "Ten": "Moral Relativism",
      "Ma_so": "Sach_32",
      "Don_gia_Ban": "451000",
      "Mo_ta": "Relativism, khoảng đặt, là xem rằng sự thật và falsity, đúng và sai, tiêu chuẩn của lý luận, và thủ tục của biện minh là sản phẩm của công ước khác nhau và các khuôn khổ đánh giá và rằng cơ quan của họ là hạn chế cho bối cảnh đưa ra tăng với họ.",
      "Nhom_Sach": {
        "Ten_the_loai": "Văn học",
        "Tac_gia": "Ngọc Trinh",
        "Nha_phat_hanh": "Fahasha"
      }
    }
    {
      "Ten": "Yêu trên từng ngón tay",
      "Ma_so": "Sach_33",
      "Don_gia_Ban": "258000",
      "Mo_ta": "Yêu trên từng ngón tay là tuyển tập gồm 11 truyện ngắn về tình yêu, hôn nhân, gia đình, truyện nào cũng mở ra từ những nhức nhối, những dẳn vặt, những nỗi đau… nhưng kết thúc mỗi truyện luôn là niềm tin và hy vọng. Phương thuốc thần Trần Trà My kê cho nhân vật của mình luôn là tình thân và tình yêu. Có tình yêu con người ta biết tha thứ, biết hy sinh, biết chấp nhận để vun đắp, để dựng xây...",
      "Nhom_Sach": {
        "Ten_the_loai": "Tình cảm",
        "Tac_gia": "Ngọc Trinh",
        "Nha_phat_hanh": "Fahasha"
      }
    }
    {
      "Ten": "The Vanishing Act",
      "Ma_so": "Sach_4",
      "Don_gia_Ban": "514000",
      "Mo_ta": "Tiểu thuyết được thực hiện dựa trên những giả thuyết đã có trong cuộc điều tra về MH370 được cung cấp từ một nhà báo Malaysia. Tiểu thuyết sẽ giải đáp 2 câu hỏi lớn: Chuyện gì đã xảy ra với MH370? và MH370 đang ở đâu trên Trái Đất này ?",
      "Nhom_Sach": {
        "Ten_the_loai": "Khoa học",
        "Tac_gia": "Tố Hữu",
        "Nha_phat_hanh": "NXB Văn học"
      }
    }
    {
      "Ten": "Đồng Dao Tập 1",
      "Ma_so": "Sach_5",
      "Don_gia_Ban": "449000",
      "Mo_ta": "Đồng dao là những lời hát dân gian của trẻ được lưu truyền và gìn giữ qua bao nhiêu thế hệ, là một nét đẹp trong kho tàng văn hóa người Việt. Với cách gieo vần hết sức đơn giản, các bài đồng dao thật dễ nhớ dễ thuộc, phù hợp với trí tuệ của trẻ nhỏ. Qua đồng dao, chúng ta có thể tìm thấy nhiều hình tượng ngộ nghĩnh, các con vật, sự vât gần gũi.",
      "Nhom_Sach": {
        "Ten_the_loai": "Thiếu nhi",
        "Tac_gia": "Quốc Tuấn",
        "Nha_phat_hanh": "NXB Văn Nghệ"
      }
    }
    {
      "Ten": "Để con được ốm",
      "Ma_so": "Sach_6",
      "Don_gia_Ban": "354000",
      "Mo_ta": "Để con được ốm đang tạo nên hiện tượng đối với sách về chăm sóc sức khỏe con trẻ, bác sĩ có nghĩ sách của mình sẽ được đón nhận nhiệt tình như thế?",
      "Nhom_Sach": {
        "Ten_the_loai": "Khoa học",
        "Tac_gia": "Ngọc Trinh",
        "Nha_phat_hanh": "NXB Văn Nghệ"
      }
    }
    {
      "Ten": "Em không biết",
      "Ma_so": "Sach_7",
      "Don_gia_Ban": "334000",
      "Mo_ta": "Bác sĩ trẻ tuổi Lục Tri Thu bị bệnh hẹp thanh đới nên giọng nói không vỡ được giọng. Mặc cảm vì giọng nói của mình, anh thường xuyên im lặng khiến mọi người xung quanh tưởng anh bị câm. Chỉ sau khi anh vô tình nghe được giọng nói truyền cảm của thánh lồng tiếng Tiêu Giản Đào, anh mới đủ tự tin để cất tiếng nói, đi ra bên ngoài và kết bạn với chính thần tượng của mình.",
      "Nhom_Sach": {
        "Ten_the_loai": "Văn học",
        "Tac_gia": "Kim Dung",
        "Nha_phat_hanh": "NXB Văn học"
      }
    }
    {
      "Ten": "Xách ba lô lên và đi",
      "Ma_so": "Sach_8",
      "Don_gia_Ban": "490000",
      "Mo_ta": "Bước chân của Huyền khởi đầu cho trào lưu mới trong giới trẻ Việt: Khát khao vươn ra thế giới, đi và trải nghiệm",
      "Nhom_Sach": {
        "Ten_the_loai": "Thể thao",
        "Tac_gia": "Nguyễn Ánh",
        "Nha_phat_hanh": "Fahasha"
      }
    }
    {
      "Ten": "Tôi còn cách người trưởng thành rất xa",
      "Ma_so": "Sach_9",
      "Don_gia_Ban": "360000",
      "Mo_ta": "Tôi cũng biết, chuyện này có thể là sai, có thể sẽ thất bại, cũng có thể sẽ trở nên càng gian nan hơn hiện tại, nhưng dù vậy, tôi cũng nên thử một chút không phải sao? Thất bại cũng tốt, thành công cũng tốt, nếu như đây là mong muốn của tôi, tôi sẽ thử, cho dù sẽ hối hận, tôi cũng nên thử xem một chút không phải sao?",
      "Nhom_Sach": {
        "Ten_the_loai": "Thể thao",
        "Tac_gia": "Kim Dung",
        "Nha_phat_hanh": "NXB Văn Nghệ"
      }
    }
  