
    {
      "Ma_so": "Tac_gia_1",
      "Tac_gia": "Kim Dung",
      "Mo_ta_tac_gia": "Mô tả Kim Dung"
    }
    {
      "Ma_so": "Tac_gia_2",
      "Tac_gia": "Ngọc Trinh",
      "Mo_ta_tac_gia": "Mô tả Ngọc Trinh"
    }
    {
      "Ma_so": "Tac_gia_3",
      "Tac_gia": "Nguyễn Ánh",
      "Mo_ta_tac_gia": "Mô tả Nguyễn Ánh"
    }
    {
      "Ma_so": "Tac_gia_4",
      "Tac_gia": "Tố Hữu",
      "Mo_ta_tac_gia": "Mô tả Tố Hữu"
    }
    {
      "Ma_so": "Tac_gia_5",
      "Tac_gia": "Quốc Tuấn",
      "Mo_ta_tac_gia": "Mô tả Quốc Tuấn"
    }
  