
    {
      "Ma_so": "The_loai_1",
      "Ten_the_loai": "Khoa học",
      "Mo_ta_the_loai": "Mô tả khoa học"
    }
    {
      "Ma_so": "The_loai_2",
      "Ten_the_loai": "Thể thao",
      "Mo_ta_the_loai": "Mô tả thể thao"
    }
    {
      "Ma_so": "The_loai_3",
      "Ten_the_loai": "Văn học",
      "Mo_ta_the_loai": "Mô tả văn học"
    }
    {
      "Ma_so": "The_loai_4",
      "Ten_the_loai": "Thiếu nhi",
      "Mo_ta_the_loai": "Mô tả thiếu nhi"
    }
    {
      "Ma_so": "The_loai_5",
      "Ten_the_loai": "Tình cảm",
      "Mo_ta_the_loai": "Mô tả tình cảm"
    }
  